code,tier,n,decided,wins,n_24mo,wins_24mo,bid_total,award_total,flow_yr,bid_24mo,award_24mo,gp_pct,avg_won,avg_lost,months_since_last_bid,flow_trend_12v12
GC-001,E,2,2,0,0,0,512000,0,0,0,0,30.1,0,256000,28.9,0.00
GC-002,F,12,12,2,0,0,753000,24700,0,0,0,28.1,12300,72800,31.7,0.00
GC-003,C,30,27,3,15,0,10100000,599000,2730000,5460000,0,38.6,200000,388000,0.5,0.17
GC-004,E,1,0,0,1,0,524000,0,262000,524000,0,22.5,0,0,0.4,
GC-005,E,2,0,0,2,0,1250000,0,625000,1250000,0,20.7,0,0,0.5,
GC-006,B,7,5,3,6,3,439000,179000,197000,394000,179000,28.7,59600,63200,2.7,0.51
GC-007,E,1,1,0,1,0,80500,0,40300,80500,0,27.4,0,80500,17.5,0.00
GC-008,E,2,2,0,2,0,1920000,0,962000,1920000,0,27.4,0,962000,9.4,172.53
GC-009,E,3,3,0,3,0,1070000,0,536000,1070000,0,25.5,0,358000,23.2,0.00
GC-010,E,2,2,0,0,0,15000,0,0,0,0,28.2,0,7480,26.4,0.00
GC-011,E,1,0,0,1,0,94500,0,47200,94500,0,25.0,0,0,1.4,
GC-012,C,12,12,0,7,0,2570000,0,1110000,2210000,0,24.3,0,214000,2.0,0.21
GC-013,A,11,11,2,2,1,4790000,1040000,515000,1030000,866000,21.3,518000,417000,23.7,0.00
GC-014,A,6,6,1,2,0,2220000,854000,402000,803000,0,41.6,854000,272000,16.8,0.00
GC-015,C,21,15,2,18,2,6990000,131000,2710000,5430000,131000,45.7,65500,359000,1.5,1.09
GC-016,E,4,4,1,1,1,92200,12200,22100,44200,12200,29.6,12200,26700,19.8,0.00
GC-017,E,2,2,0,1,0,28200,0,10700,21500,0,38.4,0,14100,17.4,0.00
GC-018,E,1,0,0,1,0,185000,0,92600,185000,0,25.0,0,0,1.8,
GC-019,E,2,2,0,2,0,139000,0,69600,139000,0,28.3,0,69600,20.2,0.00
GC-020,E,2,0,0,2,0,45000,0,22500,45000,0,26.0,0,0,0.0,
GC-021,B,6,6,2,3,2,688000,67700,150000,300000,67700,35.0,33900,155000,18.5,0.00
GC-022,E,2,2,0,2,0,312000,0,156000,312000,0,28.8,0,156000,10.7,13.50
GC-023,E,2,2,0,0,0,438000,0,0,0,0,28.0,0,219000,29.3,0.00
GC-024,E,2,2,1,0,0,17800,11200,0,0,0,53.1,11200,6580,36.8,0.00
GC-025,E,4,3,0,4,0,675000,0,338000,675000,0,27.5,0,161000,0.4,0.40
GC-026,D,7,7,0,6,0,373000,0,160000,320000,0,29.0,0,53300,12.2,0.00
GC-027,D,6,6,0,5,0,791000,0,282000,564000,0,29.3,0,132000,2.0,5.68
GC-028,E,2,0,0,2,0,28500,0,14200,28500,0,33.3,0,0,1.1,
GC-029,E,1,1,0,1,0,251000,0,126000,251000,0,25.0,0,251000,12.5,0.00
GC-030,C,19,16,0,17,0,1140000,0,565000,1130000,0,27.2,0,61500,0.4,1.55
GC-031,E,3,3,0,0,0,106000,0,0,0,0,30.2,0,35400,37.0,0.00
GC-032,E,3,3,0,0,0,152000,0,0,0,0,30.8,0,50500,29.2,0.00
GC-033,E,1,1,1,1,0,12300,12300,6160,12300,0,41.6,12300,0,11.7,
GC-034,E,2,2,0,2,0,21300,0,10600,21300,0,29.8,0,10600,3.8,
GC-035,E,1,1,0,1,0,350000,0,175000,350000,0,27.5,0,350000,5.2,
GC-036,E,1,1,0,1,0,55300,0,27600,55300,0,27.5,0,55300,5.1,
GC-037,E,1,1,0,1,0,1950,0,973,1950,0,57.5,0,1950,10.1,
GC-038,C,71,69,4,45,4,22799999.999999996,307000,6710000,13399999.999999998,307000,43.3,76800,345000,0.3,0.30
GC-039,E,3,3,0,3,0,192000,0,96000,192000,0,27.7,0,64000,4.2,2.58
GC-040,E,3,3,0,0,0,92100,0,0,0,0,30.5,0,30700,30.8,0.00
GC-041,E,2,2,2,2,2,28900,28900,14500,28900,28900,25.4,14500,0,16.1,0.00
GC-042,E,1,1,0,1,0,10900,0,5460,10900,0,32.4,0,10900,15.9,0.00
GC-043,C,8,5,0,8,0,2670000,0,1340000,2670000,0,24.3,0,411000,1.6,4.68
GC-044,E,2,0,0,2,0,153000,0,76300,153000,0,25.0,0,0,1.1,
GC-045,C,31,22,0,18,0,6150000,0,2100000,4200000,0,27.7,0,149000,1.8,2.69
GC-046,E,1,1,0,1,0,476000,0,238000,476000,0,27.5,0,476000,2.0,
GC-047,E,3,0,0,3,0,19900,0,9940,19900,0,31.8,0,0,0.0,
GC-048,C,17,15,0,13,0,2240000,0,779000,1560000,0,28.9,0,148000,1.6,0.64
GC-049,C,27,22,2,14,0,5600000,190000,1880000,3770000,0,31.1,95000,211000,0.2,1.94
GC-050,E,3,3,0,0,0,410000,0,0,0,0,29.6,0,137000,29.1,0.00
GC-051,E,1,1,0,1,0,17700,0,8870,17700,0,32.4,0,17700,7.9,
GC-052,B,13,12,3,8,3,1610000,165000,254000,509000,165000,28.8,55100,160000,0.8,0.80
GC-053,C,32,32,0,26,0,9300000,0,4200000,8410000,0,28.2,0,291000,4.7,2.21
GC-054,E,1,0,0,1,0,333000,0,166000,333000,0,25.0,0,0,1.9,
GC-055,B,5,5,3,5,3,376000,227000,188000,376000,227000,25.0,75600,74300,14.6,0.00
GC-056,D,8,8,0,6,0,699000,0,143000,285000,0,27.6,0,87400,8.7,12.03
GC-057,C,13,11,0,10,0,2030000,0,780000,1560000,0,24.3,0,117000,0.2,2.08
GC-058,E,2,2,0,0,0,35000,0,0,0,0,30.0,0,17500,37.0,0.00
GC-059,E,2,2,1,0,0,204000,23900,0,0,0,33.8,23900,180000,27.5,0.00
GC-060,E,3,0,0,3,0,796000,0,398000,796000,0,19.2,0,0,0.2,
GC-061,E,1,1,0,1,0,50300,0,25200,50300,0,28.9,0,50300,15.1,0.00
GC-062,B,16,12,3,13,2,869000,277000,329000,659000,178000,25.8,92300,40300,5.6,3.55
GC-063,E,3,3,1,3,1,71500,19200,35800,71500,19200,25.0,19200,26200,3.0,0.37
GC-064,C,43,41,3,24,1,6450000,103000,2150000,4310000,30300,35.5,34500,160000,1.1,0.23
GC-065,C,39,39,1,21,1,5780000,227000,1500000,3000000,227000,25.0,227000,146000,0.6,0.52
GC-066,D,13,13,0,13,0,623000,0,312000,623000,0,29.0,0,47900,13.7,0.00
GC-067,A,9,7,4,9,4,3090000,1140000,1550000,3090000,1140000,30.7,284000,553000,2.7,1.72
GC-068,E,2,2,0,0,0,739000,0,0,0,0,27.4,0,369000,34.6,0.00
GC-069,E,3,0,0,3,0,489000,0,244000,489000,0,25.0,0,0,0.1,
GC-070,E,3,3,0,3,0,1570000,0,787000,1570000,0,28.2,0,525000,22.3,0.00
GC-071,E,1,1,0,1,0,12900,0,6470,12900,0,38.8,0,12900,12.4,0.00
GC-072,B,5,5,4,5,4,490000,307000,245000,490000,307000,27.4,76700,183000,12.2,0.00
GC-073,E,3,3,0,0,0,725000,0,0,0,0,29.8,0,242000,28.9,0.00
GC-074,C,14,14,2,7,2,1160000,56700,378000,756000,56700,28.5,28300,91700,6.9,0.78
GC-075,C,11,11,0,11,0,3270000,0,1640000,3270000,0,25.7,0,297000,12.4,0.00
GC-076,F,6,6,0,0,0,115000,0,0,0,0,28.8,0,19200,41.7,0.00
GC-077,E,3,2,2,3,2,244000,16000,122000,244000,16000,27.5,8020,0,0.7,
GC-078,E,1,1,0,0,0,12800,0,0,0,0,27.4,0,12800,36.3,0.00
GC-079,C,109,92,8,65,7,27599999.999999996,1650000,7560000,15099999.999999998,1620000,22.7,206000,273000,0.0,0.54
GC-080,F,17,17,2,0,0,4980000,197000,0,0,0,29.9,98600,319000,34.4,0.00
GC-081,E,1,1,0,1,0,6810,0,3410,6810,0,27.4,0,6810,9.2,
GC-082,B,12,11,1,4,1,246000,26100,105000,209000,26100,32.4,26100,18500,1.8,0.20
GC-083,E,1,1,0,0,0,12000,0,0,0,0,34.1,0,12000,40.5,0.00
GC-084,D,6,6,0,2,0,318000,0,5520,11000,0,28.0,0,53000,12.4,0.00
GC-085,F,8,8,0,0,0,1610000,0,0,0,0,28.6,0,201000,28.0,0.00
GC-086,E,3,3,0,0,0,1640000,0,0,0,0,30.3,0,547000,41.0,0.00
GC-087,E,2,2,0,2,0,44100,0,22100,44100,0,26.6,0,22100,18.6,0.00
GC-088,E,1,0,0,1,0,94100,0,47100,94100,0,37.5,0,0,1.5,
GC-089,E,3,3,2,3,2,1170000,1130000,587000,1170000,1130000,28.8,565000,44300,9.6,
GC-090,E,2,2,0,2,0,52600,0,26300,52600,0,30.1,0,26300,22.8,0.00
GC-091,D,8,8,1,4,1,1360000,42900,79200,158000,42900,28.9,42900,189000,4.2,0.14
GC-092,D,24,24,1,6,1,8220000,108000,246000,492000,108000,41.8,108000,353000,10.8,0.08
GC-093,C,32,27,0,17,0,5500000,0,2120000,4240000,0,27.0,0,155000,0.4,0.66
GC-094,E,3,3,0,3,0,189000,0,94500,189000,0,27.2,0,63000,14.9,0.00
GC-095,E,3,3,0,0,0,858000,0,0,0,0,30.9,0,286000,41.3,0.00
GC-096,E,2,2,0,2,0,193000,0,96500,193000,0,28.0,0,96500,15.5,0.00
GC-097,C,48,43,5,34,3,4040000,79200,1340000,2680000,13100,34.6,15800,96500,4.6,0.16
GC-098,B,8,8,2,3,1,412000,61300,80100,160000,40300,33.0,30600,58400,21.2,0.00
GC-099,E,3,3,0,0,0,605000,0,0,0,0,33.9,0,202000,41.4,0.00
GC-100,C,48,42,0,35,0,3490000,0,1290000,2570000,0,29.2,0,70800,0.0,0.96
GC-101,D,7,5,0,7,0,405000,0,202000,405000,0,30.3,0,67600,0.3,0.36
GC-102,C,5,1,0,5,0,1330000,0,663000,1330000,0,27.8,0,443000,1.8,
GC-103,E,2,2,0,2,0,299000,0,150000,299000,0,27.6,0,150000,0.4,
GC-104,E,4,2,0,4,0,237000,0,119000,237000,0,25.3,0,42000,0.1,
GC-105,E,1,1,0,1,0,3500,0,1750,3500,0,28.9,0,3500,14.3,0.00
GC-106,E,1,1,0,1,0,375000,0,187000,375000,0,18.8,0,375000,1.3,
GC-107,E,3,3,0,0,0,40900,0,0,0,0,30.1,0,13600,26.1,0.00
GC-108,E,2,2,1,2,1,135000,40300,67500,135000,40300,32.4,40300,94700,22.0,0.00
GC-109,A,169,157,23,82,15,28899999.999999996,2600000,8500000,17000000,1070000,28.7,113000,175000,0.3,0.81
GC-110,E,4,4,0,4,0,598000,0,299000,598000,0,29.9,0,149000,2.0,1.86
GC-111,E,2,2,0,0,0,79900,0,0,0,0,29.0,0,39900,34.5,0.00
GC-112,A,19,19,2,6,1,4020000,914000,545000,1090000,565000,26.8,457000,183000,14.9,0.00
GC-113,E,3,3,2,3,2,144000,61500,72000,144000,61500,29.7,30700,82600,0.0,
GC-114,E,2,2,0,2,0,77600,0,38800,77600,0,27.3,0,38800,11.4,1.45
GC-115,E,1,1,1,1,1,6520,6520,3260,6520,6520,18.8,6520,0,23.5,0.00
GC-116,D,6,6,2,6,2,112000,1370,56100,112000,1370,28.9,686,27700,10.4,1.82
GC-117,C,16,15,5,10,5,2480000,108000,379000,759000,108000,42.1,21600,237000,0.3,0.31
GC-118,C,23,20,1,13,0,4170000,187000,1150000,2290000,0,27.4,187000,199000,0.2,0.40
GC-119,A,39,39,5,21,4,3040000,224000,639000,1280000,91700,39.0,44900,82900,10.2,0.40
GC-120,E,1,1,0,1,0,1820000,0,908000,1820000,0,41.6,0,1820000,20.0,0.00
GC-121,C,35,34,3,19,2,7280000,110000,980000,1960000,47400,33.6,36600,231000,0.2,2.28
GC-122,D,13,13,0,3,0,500000,0,80600,161000,0,28.1,0,38400,8.7,0.97
GC-123,C,87,70,6,52,3,13599999.999999998,727000,3880000,7760000,20400,28.2,121000,163000,0.0,1.09
GC-124,F,6,6,0,0,0,170000,0,0,0,0,30.7,0,28300,36.8,0.00
GC-125,E,2,2,0,0,0,35200,0,0,0,0,29.3,0,17600,26.7,0.00
GC-126,E,3,0,0,3,0,1480000,0,740000,1480000,0,27.8,0,0,0.9,
GC-127,E,4,4,0,4,0,157000,0,78500,157000,0,27.2,0,39300,3.8,
GC-128,E,1,1,0,1,0,87600,0,43800,87600,0,27.4,0,87600,11.5,
GC-129,E,3,3,0,0,0,79800,0,0,0,0,33.8,0,26600,42.6,0.00
GC-130,A,7,3,2,7,2,2020000,707000,1010000,2020000,707000,22.9,354000,69000,1.3,1.60
GC-131,C,133,124,12,92,5,32399999.999999996,608000,12599999.999999998,25199999.999999996,477000,38.8,50600,243000,0.0,1.53
GC-132,E,2,2,0,2,0,73400,0,36700,73400,0,29.7,0,36700,8.0,
GC-133,C,48,45,7,25,0,7530000,413000,2090000,4180000,0,29.7,59100,168000,0.1,1.30
GC-134,E,1,0,0,1,0,308000,0,154000,308000,0,25.0,0,0,1.1,
GC-135,E,1,1,0,1,0,97600,0,48800,97600,0,32.4,0,97600,9.9,
GC-136,E,2,2,0,2,0,39900,0,20000,39900,0,30.4,0,20000,9.7,
GC-137,E,3,0,0,3,0,285000,0,143000,285000,0,27.8,0,0,1.8,
GC-138,E,1,1,0,0,0,71900,0,0,0,0,29.6,0,71900,30.4,0.00
GC-139,C,28,25,1,15,1,3320000,20800,500000,1000000,20800,32.4,20800,130000,0.8,2.11
GC-140,E,4,2,0,4,0,671000,0,336000,671000,0,26.8,0,107000,2.7,
GC-141,D,5,5,0,1,0,843000,0,79300,159000,0,27.4,0,169000,5.6,
GC-142,E,2,2,1,2,1,39200,36100,19600,39200,36100,27.4,36100,3140,7.4,
GC-143,E,1,1,0,1,0,55300,0,27600,55300,0,25.0,0,55300,3.0,
GC-144,E,2,2,0,0,0,181000,0,0,0,0,32.5,0,90400,31.8,0.00
GC-145,D,6,0,0,6,0,258000,0,129000,258000,0,27.4,0,0,1.5,
GC-146,E,1,0,0,1,0,49600,0,24800,49600,0,27.5,0,0,0.7,
GC-147,E,1,1,0,0,0,3800,0,0,0,0,34.1,0,3800,39.9,0.00
GC-148,E,1,1,1,1,1,122,122,60.9,122,122,45.0,122,0,4.3,
GC-149,E,2,1,0,2,0,1030000,0,515000,1030000,0,25.0,0,313000,0.6,
GC-150,D,9,9,1,5,0,429000,4000,131000,263000,0,36.9,4000,53100,12.4,0.00
GC-151,E,2,2,0,2,0,1340000,0,669000,1340000,0,21.9,0,669000,22.3,0.00
GC-152,A,158,149,24,115,14,28599999.999999996,4110000,11300000,22600000,2010000,28.5,171000,181000,0.2,2.26
GC-153,E,4,4,0,1,0,233000,0,88600,177000,0,28.1,0,58200,16.6,0.00
GC-154,B,13,13,2,4,0,1450000,401000,167000,335000,0,30.1,201000,95200,11.0,0.24
GC-155,E,1,1,0,1,0,150000,0,75100,150000,0,28.9,0,150000,18.1,0.00
GC-156,E,2,2,2,2,2,53100,53100,26500,53100,53100,27.4,26500,0,13.5,0.00
GC-157,E,3,0,0,3,0,556000,0,278000,556000,0,29.7,0,0,0.4,
GC-158,D,9,7,0,6,0,1400000,0,333000,666000,0,27.6,0,160000,2.3,0.72
GC-159,E,1,1,0,1,0,24000,0,12000,24000,0,28.9,0,24000,23.2,0.00
GC-160,A,16,14,3,13,3,3390000,634000,1170000,2350000,634000,25.5,211000,242000,0.5,0.04
GC-161,E,2,2,0,2,0,770000,0,385000,770000,0,26.0,0,385000,12.2,0.00
GC-162,D,15,15,0,5,0,1560000,0,344000,687000,0,29.4,0,104000,5.5,0.57
GC-163,E,1,1,0,1,0,1950,0,976,1950,0,49.3,0,1950,16.6,0.00
GC-164,E,4,3,2,4,2,294000,87200,147000,294000,87200,30.4,43600,199000,1.1,
GC-165,E,2,2,0,0,0,28400,0,0,0,0,29.7,0,14200,35.6,0.00
GC-166,A,7,7,2,7,2,3130000,734000,1570000,3130000,734000,28.7,367000,480000,1.5,2.30
GC-167,A,8,7,4,8,4,1860000,967000,930000,1860000,967000,29.8,242000,292000,4.2,0.92
GC-168,E,1,1,0,1,0,26600,0,13300,26600,0,31.0,0,26600,8.6,
GC-169,F,6,6,0,0,0,343000,0,0,0,0,30.2,0,57200,32.7,0.00
GC-170,E,1,1,0,1,0,13400,0,6720,13400,0,32.4,0,13400,20.6,0.00
GC-171,D,5,4,0,5,0,367000,0,184000,367000,0,29.7,0,88900,0.2,0.80
GC-172,E,2,2,0,2,0,14900,0,7450,14900,0,26.5,0,7450,17.2,0.00
GC-173,E,4,4,0,0,0,1070000,0,0,0,0,28.6,0,267000,33.8,0.00
GC-174,E,4,4,3,0,0,14200,5620,0,0,0,32.8,1870,8550,36.8,0.00
GC-175,E,1,1,0,0,0,42600,0,0,0,0,30.3,0,42600,38.4,0.00
GC-176,E,3,3,0,3,0,70800,0,35400,70800,0,31.9,0,23600,3.0,0.64
GC-177,A,11,10,4,4,1,1200000,231000,428000,856000,116000,29.3,57900,156000,0.9,0.04
GC-178,A,15,14,2,8,0,2370000,178000,524000,1050000,0,27.9,88800,175000,2.7,0.27
GC-179,E,1,1,0,1,0,5380,0,2690,5380,0,41.3,0,5380,5.5,
GC-180,D,5,5,0,1,0,436000,0,29200,58300,0,30.3,0,87100,20.6,0.00
GC-181,C,70,67,4,29,3,21300000,1200000,3910000,7820000,1070000,30.9,301000,315000,0.6,0.76
GC-182,C,85,78,5,64,5,19500000,420000,5760000,11499999.999999998,420000,30.0,84100,233000,0.2,0.58
GC-183,E,1,1,0,1,0,197000,0,98700,197000,0,25.0,0,197000,13.1,0.00
GC-184,E,1,0,0,1,0,316000,0,158000,316000,0,27.5,0,0,4.2,
GC-185,C,13,3,0,13,0,4360000,0,2180000,4360000,0,21.8,0,269000,0.3,
GC-186,B,9,9,1,9,1,377000,68700,188000,377000,68700,27.4,68700,38500,7.7,0.24
